<?xml version="1.0" encoding="UTF-8"?>
<GenRun Id="synth_1" LaunchPart="xc7a100tcsg324-3" LaunchTime="1514913349">
  <File Type="PA-TCL" Name="CPU.tcl"/>
  <File Type="RDS-PROPCONSTRS" Name="CPU_drc_synth.rpt"/>
  <File Type="REPORTS-TCL" Name="CPU_reports.tcl"/>
  <File Type="RDS-RDS" Name="CPU.vds"/>
  <File Type="RDS-UTIL" Name="CPU_utilization_synth.rpt"/>
  <File Type="RDS-UTIL-PB" Name="CPU_utilization_synth.pb"/>
  <File Type="RDS-DCP" Name="CPU.dcp"/>
  <File Type="VDS-TIMINGSUMMARY" Name="CPU_timing_summary_synth.rpt"/>
  <File Type="VDS-TIMING-PB" Name="CPU_timing_summary_synth.pb"/>
  <FileSet Name="sources" Type="DesignSrcs" RelSrcDir="$PSRCDIR/sources_1">
    <Filter Type="Srcs"/>
    <File Path="$PPRDIR/../CPU.v">
      <FileInfo>
        <Attr Name="UsedIn" Val="synthesis"/>
        <Attr Name="UsedIn" Val="implementation"/>
        <Attr Name="UsedIn" Val="simulation"/>
      </FileInfo>
    </File>
    <Config>
      <Option Name="DesignMode" Val="RTL"/>
      <Option Name="TopModule" Val="CPU"/>
      <Option Name="TopAutoSet" Val="TRUE"/>
    </Config>
  </FileSet>
  <FileSet Name="constrs_in" Type="Constrs" RelSrcDir="$PSRCDIR/constrs_1">
    <Filter Type="Constrs"/>
    <File Path="$PPRDIR/../Nexys4.xdc">
      <FileInfo>
        <Attr Name="UsedIn" Val="synthesis"/>
        <Attr Name="UsedIn" Val="implementation"/>
      </FileInfo>
    </File>
    <Config>
      <Option Name="ConstrsType" Val="XDC"/>
    </Config>
  </FileSet>
  <Strategy Version="1" Minor="2">
    <StratHandle Name="Vivado Synthesis Defaults" Flow="Vivado Synthesis 2017"/>
    <Step Id="synth_design"/>
  </Strategy>
</GenRun>
